1a. Add actor to model,, `Actors are people, roles, or organizations who hold stake in the scenario being modeled.<ul><li>Click and drag the actor icons from the toolbar on the left into the workspace</li><li>Drag the actor around the workspace to relocate the actor</li><li>Click the X icon to delete the actor</li><li>Drag the icon with outward facing arrows to resize the actor</li></ul>`,, `<video onclick="play()" class="video-container" muted><source src="http://localhost:8080/userguides/tutorial-1a.mov"></video>`,,Next,,1b. Use actor inspector
1b. Use actor inspector,, `To add details to an actor, click on the given actor. The actor inspector window will show up on the right hand side of the page.<ul><li>Change the actor's name by typing in the box</li><li>Change the actor's type using the dropdown</li></ul> To learn more about actor types, see the documentation document in the documentation dropdown.`,, `<video class="video-container" onclick="play()" muted><source src="http://localhost:8080/userguides/tutorial-1b.mov"></video>`,,Next,,1c. Add intentions to the model,,Back,,1a. Add actor to model
1c. Add intentions to the model,, `Intentions are the pieces that make up a goal model.<ul><li>Click and drag the goal, task, soft goal, or resource icons from the toolbar on the left into the workspace</li><li>Drag the intention around the workspace to relocate the intention</li><li>Click the X icon to delete the intention</li><li>Drag the icon with outward facing arrows to resize the intention</li></ul> To learn more about each specific intention, see the documentation document in the documentation dropdown.`,, `<video class="video-container" onclick="play()" muted><source src="http://localhost:8080/userguides/tutorial-1c.mov"></video>`,,Next,,1d. Use intention inspector,,Back,,1b. Use actor inspector
1d. Use intention inspector,, `When you click on an intention, a menu on the right panel will appear allowing you to change characteristics of your selected intention.<ul><li>Change the intention's name by typing in the box, then clicking out to save</li><li>Set the intention's initial satisfaction value</li><li>Choose the intention's function type</li><li>Determine satisfaction values over set time points</li></ul>To learn more about satisfaction values and models that change over time, see the documentation document in the documentation dropdown.`,, `<video class="video-container" onclick="play()" muted><source src="http://localhost:8080/userguides/tutorial-1d.mov"></video>`,,Next,,1e. Link intentions,,Back,,1c. Add intentions to the model
1e. Link intentions,, `Links connect intentions to one another and specify their relationship.<ul><li>Click on an intention and then drag the right arrow to another intention to connect them</li><li>Click on the link and select the gear icon to choose the link type</li><li>Click on the red X icon to delete the link</li><li>Drag anywhere on the arrow to create joints</li></ul>To learn more about the different link types, see the documentation document in the documentation dropdown.`,, `<video class="video-container" onclick="play()" muted><source src="http://localhost:8080/userguides/tutorial-1e.mov"></video>`,,Next,,2a. Set initial satisfaction value,,Back,,1d. Use intention inspector
2a. Set initial satisfaction value,, `Satisfaction values describe how much evidence there is for an intention being met at a given time point. To assign an element a satisfaction value: <ul><li>Click on the element to view its intention inspector</li><li>Under Initial Satisfaction Value, select the desired value</li></ul>`,, `<video class="video-container" onclick="play()" muted><source src="http://localhost:8080/userguides/tutorial-2a.mov"></video>`,,Next,,2b. Set evolving functions,,Back,,1e. Link intentions
2b. Set evolving functions,, `After giving an element an initial satisfaction value, you can set its evolving function. This function describes how the element’s satisfaction value changes over time. <ul><li>Click on different options from the dropdown to view how the function’s satisfaction value changes with that option.</li><li>If your element’s satisfaction changes in a way not specified by any of the options, click User Defined Function. Then you can set how a function changes between time points. Add more time points with the Add button. </li><li> If the satisfaction value repeats, you can define one cycle and then Set Repeats.</li>`,, `<video class="video-container" onclick="play()" muted><source src="http://localhost:8080/userguides/tutorial-2b.mov"></video>`,,Next,,2c. Limit presence intervals,,Back,,2a. Set initial satisfaction value
2c. Limit presence intervals,, `By default, intentions are present in the model for the entire time range. If an actor or intention is present for only part of the time range, use the slider in its Inspector to limit the time range. The blue shading shows the time during which that intention or actor is present.`,, `<video class="video-container" onclick="play()" muted><source src="http://localhost:8080/userguides/tutorial-2c.mov"></video>`,,Next,,2d. Change max absolute time,,Back,,2b. Set evolving functions
2d. Change max absolute time,, `The Max Absolute Time refers to the amount of time during which the model is representing the situation, and is measured in arbitrary units. The Max Absolute Time is the maximum possible number of divisions of the timeline that you could make.<ul><li>Click on the View Assignments List tab in the navigation bar</li><li>Click and type in the Max Absolute Time text box or use the arrows to modify the Max Absolute Time</li><li>Close the Absolute and Relative Assignments popup to save</li></ul>`,,`<video class="video-container" onclick="play()" muted><source src="http://localhost:8080/userguides/tutorial-2d.mov"></video>`,,Next,,2e. Set absolute time points,,Back,,2c. Limit presence intervals
2e. Set absolute time points,, `Absolute Time Points enables you to specify events, such as changing the satisfaction level of an intention, that occur at specific time points during the overall range between Time 0 and the Max Absolute Time.<ul><li>Click on the View Assignments List tab in the navigation bar</li><li>Type in the Absolute Time Points with spaces in between</li><li>Close the Absolute and Relative Assignments popup to save</li></ul>`,, `<video class="video-container" onclick="play()" muted><source src="http://localhost:8080/userguides/tutorial-2e.mov"></video>`,,Next,,2f. Set intention assignments,,Back,,2d. Change max absolute time
2f. Set intention assignments,, `With two or more intentions that have Relative Time Points assigned by Evolving Functions, you can specify the relative order in which the Relative Time Points occur.<ul><li>Choose the first relative time point from the dropdown Epoch Boundary Name 1</li><li>Choose the second relative time point from the dropdown Epoch Boundary Name 2</li><li>Set whether the first relative time point is before, after, or at the same time as the second relative time point using the Relationship dropdown</li></ul>`,, `<video class="video-container" onclick="play()" muted><source src="http://localhost:8080/userguides/tutorial-2f.mov"></video>`,,Next,,2g. Set absolute relationship assignments,,Back,,2e. Set absolute time points
2g. Set absolute relationship assignments,, `If a link in your model evolves over time, you can set the time point at which the relationship changes.<ul><li>Click and type in the Assigned Time text box or use the arrows to modify the Assigned Time</li><li>Click the Unassign button if you change your mind about making an absolute assignment</li></ul>`,, `<video class="video-container" onclick="play()" muted><source src="http://localhost:8080/userguides/tutorial-2g.mov"></video>`,,Next,,2h. Change presence intervals,,Back,,2f. Set intention assignments
2h. Change presence intervals,, `By default, intentions and actors are present in the model throughout the time period. If you have modified the presence intervals of any actors or intentions, these modified intervals will show up in the Presence Condition Assignments table.<ul><li>Click the View Assignments List at the top of the screen and navigate to the Presence Condition Assignments section</li><li>Click the blue plus sign</li><li>Select the intention or actor from the dropdown</li><li>Click and type in the Available Time text boxes to set the max and min times the actor or intention is present or use the arrows</li><li>Click Add to save your changes</li><li>Click the trash can icon to remove the presence condition and make the actor or intention available throughout the time period</li></ul>`,, `<video class="video-container" onclick="play()" muted><source src="http://localhost:8080/userguides/tutorial-2h.mov"></video>`,,Next,,2i. Use intermediate values table,,Back,,2g. Set absolute relationship assignments
2i. Use intermediate values table,, `If you have set absolute time points in your model and you have intentions with relative time points, you can use the intermediate values table to specify where those relative time points occur in relation to the absolute time points.<ul><li>Click the Intermediate Values Table tab in the navigation bar</li><li>Each intention with an evolving function is displayed as a row, and each absolute time point is displayed as a column</li><li>Intentions will default to their initial satisfaction value at all absolute time points</li><li>Click the dropdowns to specify the satisfaction value of each node at each absolute time point</li></ul>`,, `<video class="video-container" onclick="play()" muted><source src="http://localhost:8080/userguides/tutorial-2i.mov"></video>` ,,Done,,close,,Back,,2h. Change presence intervals